Workbook

Sheet 统计分析
A1: 统计分析（全部 60 个有效实验组）
A3: 描述统计 | F3: 线性关系
A4: 指标 | B4: score | C4: Uc (V) | D4: 两拍相对误差 | F4: 变量对 | G4: Pearson r
A5: 均值 | B5: =AVERAGE(原始数据!Q2:Q61) -> 35.529756 | C5: =AVERAGE(原始数据!D2:D61) -> 620.31667 | D5: =AVERAGE(原始数据!P2:P61) -> 0.0089808168 | F5: Uc 与 score | G5: =CORREL(原始数据!D2:D61,原始数据!Q2:Q61) -> -0.032950818
A6: 标准差 | B6: =_xlfn.STDEV.S(原始数据!Q2:Q61) -> 8.2357687 | C6: =_xlfn.STDEV.S(原始数据!D2:D61) -> 69.964759 | D6: =_xlfn.STDEV.S(原始数据!P2:P61) -> 0.011063013 | F6: x1 与 score | G6: =CORREL(原始数据!R2:R61,原始数据!Q2:Q61) -> -0.30907936
A7: 最小值 | B7: =MIN(原始数据!Q2:Q61) -> 30.1394 | C7: =MIN(原始数据!D2:D61) -> 505 | D7: =MIN(原始数据!P2:P61) -> 3.741244e-05 | F7: x2 与 score | G7: =CORREL(原始数据!S2:S61,原始数据!Q2:Q61) -> 0.99448769
A8: 中位数 | B8: =MEDIAN(原始数据!Q2:Q61) -> 34.6489 | C8: =MEDIAN(原始数据!D2:D61) -> 614 | D8: =MEDIAN(原始数据!P2:P61) -> 0.006007255
A9: 最大值 | B9: =MAX(原始数据!Q2:Q61) -> 94.41565 | C9: =MAX(原始数据!D2:D61) -> 750 | D9: =MAX(原始数据!P2:P61) -> 0.065176797
A12: Uc (V) | B12: 最终 score
A13: =原始数据!D2 -> 505 | B13: =原始数据!Q2 -> 34.09225
A14: =原始数据!D3 -> 547 | B14: =原始数据!Q3 -> 30.6244
A15: =原始数据!D4 -> 522 | B15: =原始数据!Q4 -> 34.55535
A16: =原始数据!D5 -> 620 | B16: =原始数据!Q5 -> 31.8338
A17: =原始数据!D6 -> 561 | B17: =原始数据!Q6 -> 34.70165
A18: =原始数据!D7 -> 572 | B18: =原始数据!Q7 -> 42.855
A19: =原始数据!D8 -> 689 | B19: =原始数据!Q8 -> 34.7413
A20: =原始数据!D9 -> 674 | B20: =原始数据!Q9 -> 33.6067
A21: =原始数据!D10 -> 591 | B21: =原始数据!Q10 -> 35.6561
A22: =原始数据!D11 -> 640 | B22: =原始数据!Q11 -> 32.57005
A23: =原始数据!D12 -> 735 | B23: =原始数据!Q12 -> 35.9552
A24: =原始数据!D13 -> 660 | B24: =原始数据!Q13 -> 33.32845
... A72: =原始数据!D61 -> 564 | B72: =原始数据!Q61 -> 35.48765

Sheet 结果排名
A1: 排名 | B1: 迭代 | C1: 最终 score | D1: Uc (V) | E1: x1 | F1: x2 | G1: 两拍相对误差 | H1: 入选拍次 | I1: shot 1 | J1: shot 2 | K1: shot 3
A2: 1 | B2: 33 | C2: 30.1394 | D2: 543 | E2: 16.24525 | F2: 25.3791 | G2: 0.010083966 | H2: 1, 3 | I2: 30.2906 | J2: 35.9322 | K2: 29.9882
A3: 2 | B3: 53 | C3: 30.1754 | D3: 537 | E3: 17.0794 | F3: 24.87315 | G3: 0.0064698236 | H3: 1, 2 | I3: 30.0781 | J3: 30.2727 | K3: 29.5761
A4: 3 | B4: 42 | C4: 30.47125 | D4: 541 | E4: 16.94205 | F4: 25.32605 | G4: 0.016394527 | H4: 1, 2 | I4: 30.2235 | J4: 30.719 | K4: 35.2444
A5: 4 | B5: 32 | C5: 30.51105 | D5: 544 | E5: 16.8317 | F5: 25.4476 | G5: 0.0024644363 | H5: 1, 3 | I5: 30.4735 | J5: 35.1412 | K5: 30.5486
A6: 5 | B6: 2 | C6: 30.6244 | D6: 547 | E6: 16.97455 | F6: 25.48805 | G6: 0.02266753 | H6: 2, 3 | I6: 29.429 | J6: 30.2812 | K6: 30.9676
A7: 6 | B7: 52 | C7: 30.72165 | D7: 538 | E7: 17.1273 | F7: 25.50395 | G7: 0.0048716024 | H7: 1, 2 | I7: 30.647 | J7: 30.7963 | K7: 34.5716
A8: 7 | B8: 47 | C8: 31.4181 | D8: 616 | E8: 16.62405 | F8: 26.65885 | G8: 0.040871873 | H8: 1, 2 | I8: 32.0473 | J8: 30.7889 | K8: 33.6582
A9: 8 | B9: 4 | C9: 31.8338 | D9: 620 | E9: 17.00705 | F9: 26.90805 | G9: 0.0089549696 | H9: 1, 3 | I9: 31.6919 | J9: 31.3531 | K9: 31.9757
A10: 9 | B10: 57 | C10: 31.8695 | D10: 643 | E10: 16.33075 | F10: 27.3673 | G10: 0.0037535602 | H10: 2, 3 | I10: 31.4095 | J10: 31.8098 | K10: 31.9292
A11: 10 | B11: 50 | C11: 32.11695 | D11: 608 | E11: 15.11675 | F11: 28.33475 | G11: 0.013147503 | H11: 1, 2 | I11: 31.9072 | J11: 32.3267 | K11: 36.2563
A12: 11 | B12: 34 | C12: 32.1227 | D12: 625 | E12: 17.4399 | F12: 26.9756 | G12: 0.00060411671 | H12: 2, 3 | I12: 32.5362 | J12: 32.1324 | K12: 32.113
A13: 12 | B13: 39 | C13: 32.3914 | D13: 646 | E13: 16.0067 | F13: 28.15765 | G13: 0.011744503 | H13: 1, 2 | I13: 32.2023 | J13: 32.5805 | K13: 33.2028
... A61: 60 | B61: 49 | C61: 94.41565 | D61: 576 | E61: 14.3464 | F61: 93.3193 | G61: 0.01552917 | H61: 2, 3 | I61: 47.7896 | J61: 93.6882 | K61: 95.1431

Sheet 原始数据
A1: 迭代 | B1: Ua (kV) | C1: Ia (μA) | D1: Uc (V) | E1: Ug (V) | F1: If (A) | G1: 反馈 Ua (kV) | H1: 反馈 Ia (μA) | I1: 反馈 Uc (V) | J1: 反馈 Ug (V) | K1: 反馈 If (A) | L1: shot 1 score | M1: shot 2 score | N1: shot 3 score | O1: 入选拍次 | P1: 两拍相对误差 | Q1: 最终 score | R1: x1 | S1: x2 | T1: 图像路径
A2: 1 | B2: 100 | C2: 80 | D2: 505 | E2: 200 | F2: 0.45 | G2: 99.721218 | H2: 80.556191 | I2: 509.15751 | J2: 57.862211 | K2: 0.45193408 | L2: 34.0735 | M2: 34.111 | N2: 34.8553 | O2: 1, 2 | P2: 0.001100562 | Q2: 34.09225 | R2: 23.0262 | S2: 25.13175 | T2: D:\RESULT\captured_tif\20260728_210635_run02\iter_001_shot_001.tif
A3: 2 | B3: 100 | C3: 80 | D3: 547 | E3: 200 | F3: 0.45 | G3: 99.721218 | H3: 80.567636 | I3: 550.67155 | J3: 63.561456 | K3: 0.45190547 | L3: 29.429 | M3: 30.2812 | N3: 30.9676 | O3: 2, 3 | P3: 0.02266753 | Q3: 30.6244 | R3: 16.97455 | S3: 25.48805 | T3: D:\RESULT\captured_tif\20260728_210635_run02\iter_002_shot_002.tif
A4: 3 | B4: 100 | C4: 80 | D4: 522 | E4: 200 | F4: 0.45 | G4: 99.721218 | H4: 80.556191 | I4: 526.25153 | J4: 60.131991 | K4: 0.45190547 | L4: 34.5014 | M4: 34.6093 | N4: 30.9525 | O4: 1, 2 | P4: 0.0031274093 | Q4: 34.55535 | R4: 21.03535 | S4: 27.41485 | T4: D:\RESULT\captured_tif\20260728_210635_run02\iter_003_shot_001.tif
A5: 4 | B5: 100 | C5: 80 | D5: 620 | E5: 200 | F5: 0.45 | G5: 99.721218 | H5: 80.556191 | I5: 623.93162 | J5: 73.651484 | K5: 0.45190547 | L5: 31.6919 | M5: 31.3531 | N5: 31.9757 | O5: 1, 3 | P5: 0.0089549696 | Q5: 31.8338 | R5: 17.00705 | S5: 26.90805 | T5: D:\RESULT\captured_tif\20260728_210635_run02\iter_004_shot_001.tif
A6: 5 | B6: 100 | C6: 80 | D6: 561 | E6: 200 | F6: 0.45 | G6: 99.721218 | H6: 80.544747 | I6: 564.71306 | J6: 65.476463 | K6: 0.45190547 | L6: 34.7136 | M6: 34.5096 | N6: 34.6897 | O6: 1, 3 | P6: 0.00068896531 | Q6: 34.70165 | R6: 15.28765 | S6: 31.1525 | T6: D:\RESULT\captured_tif\20260728_210635_run02\iter_005_shot_001.tif
A7: 6 | B7: 100 | C7: 80 | D7: 572 | E7: 200 | F7: 0.45 | G7: 99.721218 | H7: 80.556191 | I7: 575.70208 | J7: 67.002365 | K7: 0.45190547 | L7: 41.5025 | M7: 90.8262 | N7: 44.2075 | O7: 1, 3 | P7: 0.065176797 | Q7: 42.855 | R7: 14.112 | S7: 40.46255 | T7: D:\RESULT\captured_tif\20260728_210635_run02\iter_006_shot_001.tif
A8: 7 | B8: 100 | C8: 80 | D8: 689 | E8: 200 | F8: 0.45 | G8: 99.721218 | H8: 80.556191 | I8: 693.52869 | J8: 83.485924 | K8: 0.45190547 | L8: 34.7119 | M8: 34.7363 | N8: 34.7463 | O8: 2, 3 | P8: 0.00028788328 | Q8: 34.7413 | R8: 16.12905 | S8: 30.7702 | T8: D:\RESULT\captured_tif\20260728_210635_run02\iter_007_shot_002.tif
A9: 8 | B9: 100 | C9: 80 | D9: 674 | E9: 200 | F9: 0.45 | G9: 99.721218 | H9: 80.567636 | I9: 678.87668 | J9: 81.498436 | K9: 0.45190547 | L9: 34.5262 | M9: 33.4715 | N9: 33.7419 | O9: 2, 3 | P9: 0.0080785146 | Q9: 33.6067 | R9: 16.1735 | S9: 29.4586 | T9: D:\RESULT\captured_tif\20260728_210635_run02\iter_008_shot_002.tif
A10: 9 | B10: 100 | C10: 80 | D10: 591 | E10: 200 | F10: 0.45 | G10: 99.721218 | H10: 80.550469 | I10: 595.2381 | J10: 69.916838 | K10: 0.45187686 | L10: 35.8671 | M10: 34.7349 | N10: 35.4451 | O10: 1, 3 | P10: 0.011905736 | Q10: 35.6561 | R10: 14.18715 | S10: 32.7117 | T10: D:\RESULT\captured_tif\20260728_210635_run02\iter_009_shot_001.tif
A11: 10 | B11: 100 | C11: 80 | D11: 640 | E11: 200 | F11: 0.45 | G11: 99.721218 | H11: 80.533303 | I11: 644.68864 | J11: 76.76051 | K11: 0.45190547 | L11: 32.1087 | M11: 32.4703 | N11: 32.6698 | O11: 2, 3 | P11: 0.0061440763 | Q11: 32.57005 | R11: 16.6254 | S11: 28.0069 | T11: D:\RESULT\captured_tif\20260728_210635_run02\iter_010_shot_002.tif
A12: 11 | B12: 100 | C12: 80 | D12: 735 | E12: 200 | F12: 0.45 | G12: 99.721218 | H12: 80.556191 | I12: 739.31624 | J12: 90.184634 | K12: 0.45190547 | L12: 36.9049 | M12: 35.8304 | N12: 36.08 | O12: 2, 3 | P12: 0.0069661516 | Q12: 35.9552 | R12: 15.7441 | S12: 32.32455 | T12: D:\RESULT\captured_tif\20260728_210635_run02\iter_011_shot_002.tif
A13: 12 | B13: 100 | C13: 80 | D13: 660 | E13: 200 | F13: 0.45 | G13: 99.721218 | H13: 80.57908 | I13: 664.83516 | J13: 79.774166 | K13: 0.45193408 | L13: 34.3998 | M13: 33.1706 | N13: 33.4863 | O13: 2, 3 | P13: 0.0095174643 | Q13: 33.32845 | R13: 16.92645 | S13: 28.70815 | T13: D:\RESULT\captured_tif\20260728_210635_run02\iter_012_shot_002.tif
... A61: 60 | B61: 100 | C61: 80 | D61: 564 | E61: 200 | F61: 0.45 | G61: 99.721218 | H61: 80.561913 | I61: 567.76557 | J61: 67.204547 | K61: 0.45187686 | L61: 35.3458 | M61: 34.5149 | N61: 35.6295 | O61: 1, 3 | P61: 0.0080264133 | Q61: 35.48765 | R61: 15.5356 | S61: 31.90325 | T61: D:\RESULT\captured_tif\20260728_210635_run02\iter_060_shot_001.tif

Sheet 实验概览
A1: Bayes OptLR 实验结果汇总（Ua=100 kV，Ia=80 μA）
A3: 运行信息 | F3: 推荐设定
A4: 运行编号 | B4: 20260728_210635_run02 | C4: 固定 Ug (V) | D4: 200 | F4: 参数 | G4: 推荐值
A5: 有效实验组数 | B5: 60 | C5: 固定 If (A) | D5: 0.45 | F5: Ua (kV) | G5: 100
A6: 失败尝试数 | B6: 0 | C6: 最优迭代 | D6: 33 | F6: Ia (μA) | G6: 80
A7: 候选组数 | B7: 60 | C7: 最优 Uc (V) | D7: 543 | F7: Uc (V) | G7: 543
A8: 固定 Ua (kV) | B8: 100 | C8: 最优 score | D8: 30.1394 | F8: Ug (V) | G8: 200
A9: 固定 Ia (μA) | B9: 80 | C9: 最优 x1 / x2 | D9: 16.2453 / 25.3791 | F9: If (A) | G9: 0.45
A12: 简要结论
A13: 1. 60/60 组实验有效，未出现失败尝试；本次优化数据完整。
A14: 2. 最优结果为迭代 33：Uc=543 V，score=30.1394，x1=16.2453，x2=25.3791。
A15: 3. 前 10 名 Uc 集中在 537–643 V，建议后续优先在 537–547 V 附近加密验证。
A16: 4. 54/60 组的入选两拍相对误差≤2%，测量重复性整体可接受；建议复测最优点及相邻 Uc 点。
A17: 5. 本工作簿保留原始实验记录、排序结果及统计公式，便于后续复核与补充数据。
